[
  {
    "Id": 1,
    "Title": "To Kill a Mockingbird",
    "Author": "Harper Lee",
    "Publisher": "J.B. Lippincott \u0026 Co.",
    "PublishDate": "1960-07-11T00:00:00+08:00",
    "AgeRating": "\u666E\u904D\u7D1A",
    "Status": "\u5DF2\u501F\u51FA",
    "Borrower": "123",
    "ReservationUserId": ""
  },
  {
    "Id": 2,
    "Title": "1984",
    "Author": "George Orwell",
    "Publisher": "Secker \u0026 Warburg",
    "PublishDate": "1949-06-08T00:00:00+08:00",
    "AgeRating": "\u666E\u904D\u7D1A",
    "Status": "\u53EF\u501F\u95B1",
    "Borrower": null,
    "ReservationUserId": ""
  },
  {
    "Id": 3,
    "Title": "Pride and Prejudice",
    "Author": "Jane Austen",
    "Publisher": "T. Egerton, Whitehall",
    "PublishDate": "1813-01-28T00:00:00+08:00",
    "AgeRating": "\u666E\u904D\u7D1A",
    "Status": "\u53EF\u501F\u95B1",
    "Borrower": null,
    "ReservationUserId": ""
  },
  {
    "Id": 4,
    "Title": "The Great Gatsby",
    "Author": "F. Scott Fitzgerald",
    "Publisher": "Charles Scribner\u0027s Sons",
    "PublishDate": "1925-04-10T00:00:00+08:00",
    "AgeRating": "\u666E\u904D\u7D1A",
    "Status": "\u53EF\u501F\u95B1",
    "Borrower": null,
    "ReservationUserId": ""
  },
  {
    "Id": 5,
    "Title": "Moby-Dick",
    "Author": "Herman Melville",
    "Publisher": "Harper \u0026 Brothers",
    "PublishDate": "1851-10-18T00:00:00+08:00",
    "AgeRating": "\u666E\u904D\u7D1A",
    "Status": "\u53EF\u501F\u95B1",
    "Borrower": null,
    "ReservationUserId": ""
  },
  {
    "Id": 6,
    "Title": "War and Peace",
    "Author": "Leo Tolstoy",
    "Publisher": "The Russian Messenger",
    "PublishDate": "1869-01-01T00:00:00+08:00",
    "AgeRating": "\u666E\u904D\u7D1A",
    "Status": "\u53EF\u501F\u95B1",
    "Borrower": null,
    "ReservationUserId": ""
  },
  {
    "Id": 7,
    "Title": "The Catcher in the Rye",
    "Author": "J.D. Salinger",
    "Publisher": "Little, Brown and Company",
    "PublishDate": "1951-07-16T00:00:00+08:00",
    "AgeRating": "\u666E\u904D\u7D1A",
    "Status": "\u53EF\u501F\u95B1",
    "Borrower": null,
    "ReservationUserId": ""
  },
  {
    "Id": 8,
    "Title": "The Hobbit",
    "Author": "J.R.R. Tolkien",
    "Publisher": "George Allen \u0026 Unwin",
    "PublishDate": "1937-09-21T00:00:00+08:00",
    "AgeRating": "\u666E\u904D\u7D1A",
    "Status": "\u53EF\u501F\u95B1",
    "Borrower": null,
    "ReservationUserId": ""
  },
  {
    "Id": 9,
    "Title": "Fahrenheit 451",
    "Author": "Ray Bradbury",
    "Publisher": "Ballantine Books",
    "PublishDate": "1953-10-19T00:00:00+08:00",
    "AgeRating": "\u666E\u904D\u7D1A",
    "Status": "\u53EF\u501F\u95B1",
    "Borrower": null,
    "ReservationUserId": ""
  },
  {
    "Id": 10,
    "Title": "Jane Eyre",
    "Author": "Charlotte Bront\u00EB",
    "Publisher": "Smith, Elder \u0026 Co.",
    "PublishDate": "1847-10-16T00:00:00+08:00",
    "AgeRating": "\u666E\u904D\u7D1A",
    "Status": "\u53EF\u501F\u95B1",
    "Borrower": null,
    "ReservationUserId": ""
  },
  {
    "Id": 11,
    "Title": "Brave New World",
    "Author": "Aldous Huxley",
    "Publisher": "Chatto \u0026 Windus",
    "PublishDate": "1932-08-30T00:00:00+08:00",
    "AgeRating": "\u666E\u904D\u7D1A",
    "Status": "\u53EF\u501F\u95B1",
    "Borrower": null,
    "ReservationUserId": ""
  },
  {
    "Id": 12,
    "Title": "Wuthering Heights",
    "Author": "Emily Bront\u00EB",
    "Publisher": "Thomas Cautley Newby",
    "PublishDate": "1847-12-01T00:00:00+08:00",
    "AgeRating": "\u666E\u904D\u7D1A",
    "Status": "\u5DF2\u501F\u51FA",
    "Borrower": "N10170015",
    "ReservationUserId": "N10170015"
  },
  {
    "Id": 13,
    "Title": "The Odyssey",
    "Author": "Homer",
    "Publisher": "Ancient Greece",
    "PublishDate": "1800-01-01T00:00:00+08:00",
    "AgeRating": "\u666E\u904D\u7D1A",
    "Status": "\u53EF\u501F\u95B1",
    "Borrower": null,
    "ReservationUserId": ""
  },
  {
    "Id": 14,
    "Title": "Crime and Punishment",
    "Author": "Fyodor Dostoevsky",
    "Publisher": "The Russian Messenger",
    "PublishDate": "1866-01-01T00:00:00+08:00",
    "AgeRating": "\u666E\u904D\u7D1A",
    "Status": "\u53EF\u501F\u95B1",
    "Borrower": null,
    "ReservationUserId": ""
  },
  {
    "Id": 15,
    "Title": "The Brothers Karamazov",
    "Author": "Fyodor Dostoevsky",
    "Publisher": "The Russian Messenger",
    "PublishDate": "1880-01-01T00:00:00+08:00",
    "AgeRating": "\u666E\u904D\u7D1A",
    "Status": "\u53EF\u501F\u95B1",
    "Borrower": null,
    "ReservationUserId": ""
  },
  {
    "Id": 16,
    "Title": "Les Mis\u00E9rables",
    "Author": "Victor Hugo",
    "Publisher": "A. Lacroix, Verboeckhoven \u0026 Cie.",
    "PublishDate": "1862-01-01T00:00:00+08:00",
    "AgeRating": "\u666E\u904D\u7D1A",
    "Status": "\u53EF\u501F\u95B1",
    "Borrower": null,
    "ReservationUserId": ""
  },
  {
    "Id": 17,
    "Title": "The Divine Comedy",
    "Author": "Dante Alighieri",
    "Publisher": "Italy",
    "PublishDate": "1320-01-01T00:00:00+08:00",
    "AgeRating": "\u666E\u904D\u7D1A",
    "Status": "\u53EF\u501F\u95B1",
    "Borrower": null,
    "ReservationUserId": ""
  },
  {
    "Id": 18,
    "Title": "The Iliad",
    "Author": "Homer",
    "Publisher": "Ancient Greece",
    "PublishDate": "1750-01-01T00:00:00+08:00",
    "AgeRating": "\u666E\u904D\u7D1A",
    "Status": "\u53EF\u501F\u95B1",
    "Borrower": null,
    "ReservationUserId": ""
  },
  {
    "Id": 19,
    "Title": "Don Quixote",
    "Author": "Miguel de Cervantes",
    "Publisher": "Francisco de Robles",
    "PublishDate": "1605-01-16T00:00:00+08:00",
    "AgeRating": "\u666E\u904D\u7D1A",
    "Status": "\u53EF\u501F\u95B1",
    "Borrower": null,
    "ReservationUserId": ""
  },
  {
    "Id": 20,
    "Title": "The Count of Monte Cristo",
    "Author": "Alexandre Dumas",
    "Publisher": "Penguin",
    "PublishDate": "1844-01-01T00:00:00+08:00",
    "AgeRating": "\u666E\u904D\u7D1A",
    "Status": "\u53EF\u501F\u95B1",
    "Borrower": null,
    "ReservationUserId": ""
  },
  {
    "Id": 21,
    "Title": "Dracula",
    "Author": "Bram Stoker",
    "Publisher": "Archibald Constable and Company",
    "PublishDate": "1897-05-26T00:00:00+08:00",
    "AgeRating": "\u666E\u904D\u7D1A",
    "Status": "\u53EF\u501F\u95B1",
    "Borrower": null,
    "ReservationUserId": ""
  },
  {
    "Id": 22,
    "Title": "Frankenstein",
    "Author": "Mary Shelley",
    "Publisher": "Lackington, Hughes, Harding, Mavor \u0026 Jones",
    "PublishDate": "1818-01-01T00:00:00+08:00",
    "AgeRating": "\u666E\u904D\u7D1A",
    "Status": "\u53EF\u501F\u95B1",
    "Borrower": null,
    "ReservationUserId": ""
  },
  {
    "Id": 23,
    "Title": "The Picture of Dorian Gray",
    "Author": "Oscar Wilde",
    "Publisher": "Lippincott\u0027s Monthly Magazine",
    "PublishDate": "1890-07-01T00:00:00+08:00",
    "AgeRating": "\u666E\u904D\u7D1A",
    "Status": "\u53EF\u501F\u95B1",
    "Borrower": null,
    "ReservationUserId": ""
  },
  {
    "Id": 24,
    "Title": "The Metamorphosis",
    "Author": "Franz Kafka",
    "Publisher": "Kurt Wolff Verlag",
    "PublishDate": "1915-01-01T00:00:00+08:00",
    "AgeRating": "\u666E\u904D\u7D1A",
    "Status": "\u53EF\u501F\u95B1",
    "Borrower": null,
    "ReservationUserId": ""
  },
  {
    "Id": 25,
    "Title": "The Stranger",
    "Author": "Albert Camus",
    "Publisher": "Gallimard",
    "PublishDate": "1942-01-01T00:00:00+08:00",
    "AgeRating": "\u666E\u904D\u7D1A",
    "Status": "\u53EF\u501F\u95B1",
    "Borrower": null,
    "ReservationUserId": ""
  }
]